epoch,acc,f1,loss,lr,precision,recall,val_acc,val_f1,val_loss,val_precision,val_recall
0,0.8866425369060924,0.5672072435804972,0.25579477234323134,0.001,0.6944114673853221,0.48321342865733297,0.895082389657237,0.6107434777151637,0.23756483208482004,0.7295688078683965,0.5272267925889552
